Ticker,Strategy,Total Return %,Max Drawdown %,Trades,2021,2022,2023,2024,2025,2026
AAPL,Buy & Hold,157.97,-33.36,0,43.3,-26.4,49.01,30.71,9.05,15.17
AAPL,"SMA(9,21)",36.72,-27.64,29,23.21,-25.83,19.75,14.95,-11.0,22.12
AAPL,"SMA(20,50)",38.29,-29.09,16,15.41,-22.84,17.89,21.95,5.01,2.86
AAPL,"SMA(50,200)",8.16,-29.87,5,0.0,-12.77,22.48,5.4,-16.6,15.17
AAPL,"SMA(9,50)",67.66,-25.2,20,17.32,-13.78,25.04,19.08,4.15,6.88
AAPL,"SMA(21,200)",50.9,-30.58,5,0.0,-15.27,25.76,16.32,5.71,15.17
AAPL,"EMA(9,21)",100.83,-25.41,26,37.21,-21.2,29.85,20.7,3.38,14.63
AAPL,"EMA(20,50)",83.8,-25.3,13,30.08,-13.3,17.88,30.41,4.01,1.93
AAPL,"EMA(50,200)",35.58,-36.5,5,42.41,-31.19,24.72,18.41,-18.65,15.17
AAPL,"EMA(9,50)",64.84,-26.6,22,32.87,-24.25,23.06,19.05,7.8,3.71
AAPL,"EMA(21,200)",85.62,-31.52,6,39.75,-24.97,24.45,17.69,4.94,15.17
AMGN,Buy & Hold,68.62,-24.86,0,-2.13,20.43,13.46,-6.77,29.67,4.3
AMGN,"SMA(9,21)",42.82,-19.41,34,6.04,16.52,10.24,-3.51,0.92,7.68
AMGN,"SMA(20,50)",38.59,-17.72,14,1.07,-0.45,15.59,3.29,12.93,2.16
AMGN,"SMA(50,200)",9.58,-32.6,5,0.0,16.01,-0.12,-3.2,-6.32,4.3
AMGN,"SMA(9,50)",42.99,-18.76,16,4.41,1.17,16.41,3.59,10.49,1.6
AMGN,"SMA(21,200)",-7.58,-35.67,7,0.0,5.95,1.82,-11.06,-7.64,4.3
AMGN,"EMA(9,21)",36.16,-17.25,27,2.75,0.89,15.97,-0.58,7.42,6.04
AMGN,"EMA(20,50)",33.16,-20.58,12,-1.08,5.84,18.68,4.44,-2.64,5.39
AMGN,"EMA(50,200)",14.3,-29.6,6,-5.04,21.75,-0.65,-0.69,-3.91,4.3
AMGN,"EMA(9,50)",35.79,-23.95,15,3.32,2.84,14.19,3.59,0.39,7.6
AMGN,"EMA(21,200)",11.45,-28.2,7,-2.33,7.62,4.1,3.69,-5.82,4.3
AMZN,Buy & Hold,70.26,-56.15,0,3.59,-49.62,80.88,44.39,5.21,18.71
AMZN,"SMA(9,21)",4.14,-35.63,32,1.13,-26.65,25.84,17.38,-6.86,2.04
AMZN,"SMA(20,50)",7.8,-31.69,14,-8.87,-14.84,20.2,21.25,-3.24,-1.5
AMZN,"SMA(50,200)",39.27,-35.16,3,0.0,0.0,26.5,44.39,-16.94,-8.2
AMZN,"SMA(9,50)",44.72,-29.32,17,-11.31,4.32,34.25,29.46,-9.62,-0.42
AMZN,"SMA(21,200)",79.01,-23.63,4,0.0,0.0,33.99,43.38,-2.16,-4.77
AMZN,"EMA(9,21)",80.1,-38.19,23,-4.01,-17.92,42.12,30.4,3.24,19.48
AMZN,"EMA(20,50)",24.53,-42.18,15,-10.16,-18.17,26.97,38.21,-6.54,3.28
AMZN,"EMA(50,200)",48.7,-30.17,5,0.14,-6.25,23.76,44.39,-10.53,-0.93
AMZN,"EMA(9,50)",45.6,-31.82,19,-10.45,-7.72,34.7,34.6,-9.06,6.85
AMZN,"EMA(21,200)",67.81,-22.53,6,-3.95,-2.5,31.55,44.39,-0.45,-5.24
AXP,Buy & Hold,104.46,-31.55,0,0.41,-8.52,28.67,60.32,25.99,-14.36
AXP,"SMA(9,21)",5.84,-42.34,33,-2.84,-30.19,31.94,7.18,1.86,8.33
AXP,"SMA(20,50)",23.95,-30.38,13,-17.29,-1.96,0.9,47.21,7.12,-3.93
AXP,"SMA(50,200)",8.01,-29.22,4,0.0,-8.3,-12.87,60.32,3.06,-18.19
AXP,"SMA(9,50)",22.52,-41.59,16,-14.93,-26.1,21.89,41.13,24.88,-9.29
AXP,"SMA(21,200)",18.17,-33.93,5,0.0,-7.8,-12.9,60.32,12.56,-18.46
AXP,"EMA(9,21)",91.51,-28.12,23,-1.04,-15.37,37.96,35.58,28.24,-4.68
AXP,"EMA(20,50)",26.39,-46.05,13,-17.14,-30.76,16.03,60.32,24.14,-4.59
AXP,"EMA(50,200)",9.24,-40.42,7,-7.5,-11.12,-13.98,60.32,20.58,-20.1
AXP,"EMA(9,50)",24.7,-46.53,19,-13.1,-33.14,22.06,47.07,30.87,-8.65
AXP,"EMA(21,200)",-12.28,-45.68,9,-16.75,-16.7,-9.56,60.32,3.48,-15.69
BA,Buy & Hold,-10.19,-54.67,0,-20.97,-5.38,36.84,-32.1,22.67,5.37
BA,"SMA(9,21)",-12.35,-55.73,31,-15.62,32.81,47.06,-32.5,-27.34,8.45
BA,"SMA(20,50)",-12.51,-34.22,13,-1.13,-7.58,17.94,-19.93,-3.94,5.55
BA,"SMA(50,200)",-24.39,-55.46,4,0.0,2.27,-2.37,-23.85,13.47,-12.36
BA,"SMA(9,50)",3.85,-47.9,17,-13.03,21.32,39.03,-30.06,-5.89,7.55
BA,"SMA(21,200)",-17.44,-43.82,6,0.0,10.15,11.42,-20.73,-9.03,-6.71
BA,"EMA(9,21)",-7.39,-41.02,28,-17.31,18.05,33.21,-28.14,-5.07,4.41
BA,"EMA(20,50)",-46.87,-52.74,16,-9.3,-19.55,22.3,-28.06,-14.1,-3.65
BA,"EMA(50,200)",-24.41,-49.99,7,-2.07,1.8,12.75,-22.89,-17.24,5.37
BA,"EMA(9,50)",-36.29,-52.59,22,-15.09,-0.6,27.49,-35.82,-8.62,0.96
BA,"EMA(21,200)",-13.26,-39.88,7,-2.07,10.43,19.22,-21.56,-9.29,-5.44
CAT,Buy & Hold,299.89,-34.05,0,-13.91,18.6,25.95,24.66,60.3,55.61
CAT,"SMA(9,21)",164.4,-30.17,31,-2.99,2.15,28.31,-6.18,55.2,42.82
CAT,"SMA(20,50)",188.91,-29.15,12,-8.09,-11.04,27.22,25.13,58.49,40.05
CAT,"SMA(50,200)",139.57,-34.88,4,0.0,-14.94,8.76,24.66,33.51,55.61
CAT,"SMA(9,50)",196.4,-31.91,17,-4.53,-0.56,35.1,6.85,55.89,38.73
CAT,"SMA(21,200)",159.75,-31.62,5,0.0,-13.04,7.6,24.66,43.12,55.61
CAT,"EMA(9,21)",213.45,-31.81,24,-14.93,18.23,42.76,-5.63,64.48,40.64
CAT,"EMA(20,50)",122.28,-32.89,13,-10.97,-7.11,12.93,5.09,45.55,55.61
CAT,"EMA(50,200)",179.36,-28.74,5,-1.52,-11.5,12.65,24.66,46.68,55.61
CAT,"EMA(9,50)",174.02,-27.29,17,-10.78,7.54,16.22,3.25,52.95,55.61
CAT,"EMA(21,200)",153.84,-32.11,8,-1.52,-21.24,7.73,24.66,56.62,55.61
CRM,Buy & Hold,-24.32,-58.62,0,7.59,-47.83,98.46,27.76,-20.25,-33.33
CRM,"SMA(9,21)",-38.18,-46.56,34,8.77,-33.9,35.6,-4.12,-23.46,-13.6
CRM,"SMA(20,50)",30.83,-40.87,12,9.42,-16.9,53.52,38.87,-21.77,-13.73
CRM,"SMA(50,200)",26.43,-34.48,2,0.0,0.0,49.93,10.59,-23.74,0.0
CRM,"SMA(9,50)",-6.34,-45.41,16,3.33,-27.45,59.6,17.21,-19.61,-16.93
CRM,"SMA(21,200)",11.54,-41.61,3,0.0,0.0,57.54,1.81,-16.86,-16.36
CRM,"EMA(9,21)",-24.38,-56.02,26,12.52,-52.14,70.69,24.37,-23.42,-13.63
CRM,"EMA(20,50)",18.48,-35.46,10,7.73,-12.94,46.8,21.32,-17.26,-14.27
CRM,"EMA(50,200)",13.66,-31.11,4,5.8,-9.01,42.05,8.87,-23.66,0.0
CRM,"EMA(9,50)",28.27,-34.27,13,4.71,-16.67,64.25,22.78,-17.3,-11.85
CRM,"EMA(21,200)",19.56,-33.46,5,5.8,0.0,41.03,8.83,-18.72,-9.42
CSCO,Buy & Hold,160.13,-36.68,0,22.09,-22.46,9.3,21.0,33.47,55.68
CSCO,"SMA(9,21)",125.39,-27.99,28,14.35,13.94,-8.49,-5.12,36.15,46.34
CSCO,"SMA(20,50)",75.84,-23.74,14,7.69,-15.34,0.98,21.36,25.43,25.47
CSCO,"SMA(50,200)",159.61,-17.46,3,0.0,-0.8,7.74,16.9,33.47,55.68
CSCO,"SMA(9,50)",79.31,-22.01,17,7.76,-13.07,-0.0,11.38,25.55,36.88
CSCO,"SMA(21,200)",135.0,-22.79,3,0.0,-4.14,3.95,13.5,33.47,55.68
CSCO,"EMA(9,21)",83.02,-22.49,27,12.34,-1.96,-2.35,0.4,29.82,30.56
CSCO,"EMA(20,50)",105.09,-24.18,10,7.33,-12.72,4.76,7.56,24.81,55.68
CSCO,"EMA(50,200)",154.46,-21.83,4,21.3,-15.49,6.72,11.93,33.47,55.68
CSCO,"EMA(9,50)",104.06,-20.48,18,8.16,-10.33,8.56,9.82,22.23,44.38
CSCO,"EMA(21,200)",121.34,-29.26,6,21.3,-21.07,-0.53,11.84,33.47,55.68
CVX,Buy & Hold,110.7,-24.95,0,12.81,58.46,-13.63,1.29,10.1,22.38
CVX,"SMA(9,21)",55.43,-31.58,33,9.54,57.71,-5.35,-9.43,-9.03,15.38
CVX,"SMA(20,50)",9.27,-48.94,14,13.36,16.7,-20.87,-8.07,-3.09,17.17
CVX,"SMA(50,200)",-7.27,-42.08,5,0.0,16.26,-17.42,-21.39,0.39,22.38
CVX,"SMA(9,50)",31.77,-41.76,17,14.85,26.58,-13.28,-4.42,-5.7,15.95
CVX,"SMA(21,200)",-21.98,-49.66,7,0.0,16.26,-31.8,-9.24,-11.41,22.38
CVX,"EMA(9,21)",10.73,-45.19,31,10.6,28.07,-23.85,1.43,-13.68,17.25
CVX,"EMA(20,50)",10.49,-45.23,16,12.58,29.03,-14.74,-9.64,-8.52,7.93
CVX,"EMA(50,200)",38.26,-36.35,6,3.09,58.46,-17.61,-11.64,-5.0,22.38
CVX,"EMA(9,50)",6.26,-44.48,19,13.12,28.87,-16.1,-9.48,-9.05,5.53
CVX,"EMA(21,200)",14.08,-49.23,9,6.38,58.46,-26.98,-14.71,-11.2,22.38
DIS,Buy & Hold,-40.63,-57.33,0,-13.39,-43.91,4.26,24.44,3.3,-8.82
DIS,"SMA(9,21)",-30.83,-55.41,37,-14.09,-31.74,-20.27,33.23,12.8,-1.55
DIS,"SMA(20,50)",-6.43,-38.0,14,-2.34,-19.23,-8.87,39.7,-3.37,-3.58
DIS,"SMA(50,200)",-27.85,-52.96,4,0.0,0.0,4.67,-6.31,-26.43,0.0
DIS,"SMA(9,50)",-9.17,-31.56,16,-3.07,-17.27,-7.51,43.74,-4.7,-10.61
DIS,"SMA(21,200)",-33.77,-42.08,5,0.0,0.0,-18.16,6.82,-19.49,-5.91
DIS,"EMA(9,21)",10.91,-38.19,26,-19.19,-10.7,-7.57,48.27,13.36,-1.08
DIS,"EMA(20,50)",-20.94,-35.38,12,-11.82,-7.98,-16.72,36.23,-2.34,-12.06
DIS,"EMA(50,200)",-41.73,-52.13,5,-8.23,0.0,0.0,-2.32,-29.86,-7.31
DIS,"EMA(9,50)",-23.52,-35.77,19,-12.36,-8.19,-18.08,40.42,-0.83,-16.69
DIS,"EMA(21,200)",-17.62,-32.22,6,-9.22,0.0,-2.27,20.41,-16.41,-7.73
DOW,Buy & Hold,-35.78,-64.37,0,-17.57,-6.65,14.71,-22.79,-37.38,50.48
DOW,"SMA(9,21)",-38.54,-59.0,34,-11.72,5.5,17.26,-3.42,-52.67,23.12
DOW,"SMA(20,50)",-22.73,-52.55,15,-18.19,-15.69,6.08,-10.16,-24.38,55.41
DOW,"SMA(50,200)",-14.93,-39.72,4,0.0,-11.47,-11.74,0.27,0.0,8.59
DOW,"SMA(9,50)",-2.46,-46.51,17,-9.79,-3.95,9.63,-8.96,-32.42,66.88
DOW,"SMA(21,200)",14.97,-34.66,4,0.0,-11.42,-4.22,2.38,0.0,32.36
DOW,"EMA(9,21)",-22.58,-55.52,30,-18.77,16.23,9.26,-10.83,-43.87,49.97
DOW,"EMA(20,50)",31.09,-29.62,7,0.0,-4.47,-1.36,-2.77,-4.92,50.48
DOW,"EMA(50,200)",-33.04,-48.35,6,0.0,-18.63,-16.1,-5.21,0.0,3.48
DOW,"EMA(9,50)",3.42,-43.29,15,-4.62,-2.57,2.31,-1.9,-27.37,52.69
DOW,"EMA(21,200)",-17.64,-40.18,7,0.0,-20.4,-12.1,-7.06,0.0,26.64
GS,Buy & Hold,196.32,-32.84,0,1.05,-7.87,15.91,52.03,56.64,15.32
GS,"SMA(9,21)",108.14,-44.46,31,1.83,-15.42,9.59,30.99,32.71,26.84
GS,"SMA(20,50)",19.68,-47.37,15,-14.3,-7.11,-18.15,47.81,18.68,4.71
GS,"SMA(50,200)",112.58,-30.9,5,0.0,-4.45,-8.88,52.03,39.25,15.32
GS,"SMA(9,50)",49.09,-47.52,20,-7.84,-22.11,-10.14,46.74,37.05,14.91
GS,"SMA(21,200)",79.85,-33.41,5,0.0,-10.5,-2.5,52.03,17.55,15.32
GS,"EMA(9,21)",69.39,-42.27,28,-1.29,-18.59,-7.97,29.56,56.27,13.13
GS,"EMA(20,50)",58.78,-42.82,13,-8.46,-11.27,-11.98,52.03,37.92,5.92
GS,"EMA(50,200)",82.35,-42.38,6,-9.44,-17.87,-10.73,52.03,56.64,15.32
GS,"EMA(9,50)",131.69,-36.17,16,-5.31,0.27,-11.01,48.48,68.32,9.71
GS,"EMA(21,200)",65.48,-44.53,9,-7.0,-20.95,-11.27,52.03,44.69,15.32
HD,Buy & Hold,14.75,-34.73,0,33.11,-21.98,12.77,15.0,-9.33,-6.03
HD,"SMA(9,21)",-6.07,-34.99,31,14.52,-20.65,15.94,-10.83,7.66,-7.14
HD,"SMA(20,50)",11.11,-22.33,13,26.36,-11.12,10.72,1.79,-2.44,-10.01
HD,"SMA(50,200)",-28.47,-35.7,5,0.0,-1.09,-15.69,15.0,-25.4,0.0
HD,"SMA(9,50)",21.68,-24.98,15,26.36,-11.54,10.8,19.19,-12.55,-5.75
HD,"SMA(21,200)",-22.45,-37.65,5,0.0,0.31,-2.77,15.0,-23.37,-9.77
HD,"EMA(9,21)",29.46,-17.76,27,20.66,-2.57,7.48,5.69,4.53,-7.26
HD,"EMA(20,50)",-6.76,-28.62,12,30.26,-21.53,7.83,4.32,-13.03,-6.75
HD,"EMA(50,200)",-23.72,-42.1,6,30.04,-23.96,-10.35,15.0,-18.15,-8.58
HD,"EMA(9,50)",25.39,-21.53,14,31.61,-8.41,5.11,10.23,-6.94,-3.54
HD,"EMA(21,200)",-10.0,-34.37,7,31.19,-27.3,0.47,8.81,-8.07,-6.1
HON,Buy & Hold,17.73,-27.13,0,-9.75,4.9,0.02,10.02,-6.37,20.68
HON,"SMA(9,21)",-3.04,-31.18,34,-1.53,11.59,3.41,-8.99,-20.27,17.6
HON,"SMA(20,50)",-22.14,-34.64,16,-14.24,-16.3,5.78,-2.53,-5.81,11.69
HON,"SMA(50,200)",-21.17,-31.42,5,0.0,-0.11,-13.43,10.02,-18.74,1.96
HON,"SMA(9,50)",-26.31,-37.01,20,-10.94,-14.92,5.37,-3.01,-17.68,15.6
HON,"SMA(21,200)",-11.35,-25.61,7,0.0,-7.97,-10.28,10.02,-10.88,9.5
HON,"EMA(9,21)",-14.66,-31.74,32,-3.77,3.59,-7.81,-7.01,-16.02,18.91
HON,"EMA(20,50)",-21.84,-34.21,16,-7.24,-14.11,-3.05,-2.45,-6.05,10.41
HON,"EMA(50,200)",-23.86,-34.24,5,0.0,0.61,-15.7,10.02,-23.97,7.32
HON,"EMA(9,50)",-28.14,-35.48,28,-8.92,-11.56,-5.42,-5.25,-6.92,6.94
HON,"EMA(21,200)",-14.05,-24.49,9,-3.18,-0.84,-8.37,8.22,-20.01,12.87
IBM,Buy & Hold,133.09,-30.96,0,-0.61,10.64,21.85,39.27,38.23,-9.63
IBM,"SMA(9,21)",71.99,-28.91,32,-2.72,-7.87,14.62,36.21,45.65,-15.62
IBM,"SMA(20,50)",54.41,-19.47,13,-11.63,-1.2,19.37,33.85,8.4,2.11
IBM,"SMA(50,200)",69.0,-28.69,3,0.0,-6.16,11.88,39.27,38.23,-16.38
IBM,"SMA(9,50)",45.79,-28.84,17,-8.11,-17.79,18.83,30.49,30.58,-4.68
IBM,"SMA(21,200)",64.95,-28.69,4,0.0,1.25,12.04,39.27,29.45,-19.35
IBM,"EMA(9,21)",87.54,-28.03,24,-5.59,-7.29,22.8,46.97,42.24,-16.53
IBM,"EMA(20,50)",13.7,-35.68,13,-11.53,-19.98,18.13,32.33,10.36,-6.91
IBM,"EMA(50,200)",42.46,-35.09,6,-4.05,-15.49,7.43,39.27,38.23,-15.05
IBM,"EMA(9,50)",48.55,-30.14,18,-12.39,-11.22,19.24,33.97,23.15,-2.93
IBM,"EMA(21,200)",37.94,-29.59,6,-3.42,-15.15,15.31,39.27,38.23,-24.17
JNJ,Buy & Hold,60.49,-18.41,0,4.64,5.97,-8.58,-4.81,47.48,12.76
JNJ,"SMA(9,21)",27.12,-18.77,32,7.6,-6.6,-2.05,-5.8,27.68,7.37
JNJ,"SMA(20,50)",40.57,-17.46,14,-4.67,3.11,-8.76,4.28,29.75,15.84
JNJ,"SMA(50,200)",-8.06,-46.29,7,0.0,-6.04,-22.48,-13.35,29.2,12.76
JNJ,"SMA(9,50)",28.24,-25.4,18,-3.02,0.53,-13.25,-2.88,33.86,16.64
JNJ,"SMA(21,200)",15.91,-32.33,7,0.0,-0.23,-13.58,-10.99,33.94,12.76
JNJ,"EMA(9,21)",36.65,-14.06,28,1.3,-5.59,0.55,-1.04,29.01,11.3
JNJ,"EMA(20,50)",11.91,-27.78,14,-3.52,-9.31,-9.69,1.73,25.96,10.51
JNJ,"EMA(50,200)",-3.86,-42.75,9,-7.07,-0.15,-17.0,-13.1,27.4,12.76
JNJ,"EMA(9,50)",15.94,-28.08,19,-0.52,-10.56,-12.72,3.21,31.67,9.86
JNJ,"EMA(21,200)",3.77,-34.46,12,-7.22,1.01,-15.9,-7.11,25.7,12.76
JPM,Buy & Hold,102.77,-38.77,0,-3.51,-12.64,30.63,44.29,37.27,-7.02
JPM,"SMA(9,21)",31.84,-38.57,29,2.01,-28.27,38.99,15.51,16.34,-3.54
JPM,"SMA(20,50)",46.85,-19.56,12,1.77,-4.86,13.04,27.45,14.59,-8.14
JPM,"SMA(50,200)",126.33,-24.42,1,0.0,-0.78,30.63,44.29,37.27,-11.83
JPM,"SMA(9,50)",21.57,-37.65,16,2.59,-28.59,15.29,27.73,22.15,-7.75
JPM,"SMA(21,200)",115.14,-24.42,2,0.0,-0.73,30.63,44.29,37.27,-16.24
JPM,"EMA(9,21)",29.37,-35.64,28,-0.43,-25.19,23.36,17.32,31.45,-8.71
JPM,"EMA(20,50)",43.1,-25.25,12,-5.13,-10.88,11.21,44.29,25.42,-15.9
JPM,"EMA(50,200)",92.27,-25.2,4,-7.68,-13.42,30.63,44.29,37.27,-7.02
JPM,"EMA(9,50)",40.01,-31.23,20,-9.53,-11.41,17.78,38.39,26.06,-14.98
JPM,"EMA(21,200)",73.28,-24.42,6,-4.82,-11.55,20.16,44.29,37.27,-13.5
KO,Buy & Hold,68.83,-17.27,0,9.57,10.61,-4.43,8.88,15.6,15.81
KO,"SMA(9,21)",43.85,-10.67,29,4.47,4.48,6.68,3.82,10.43,7.75
KO,"SMA(20,50)",29.47,-15.37,15,5.07,4.49,-8.78,14.55,6.77,5.7
KO,"SMA(50,200)",0.49,-26.86,6,0.0,-7.18,-10.63,7.95,-3.11,15.81
KO,"SMA(9,50)",19.03,-14.73,18,-5.32,2.08,-1.85,12.71,2.88,8.21
KO,"SMA(21,200)",16.54,-19.0,6,0.0,-0.56,-7.47,10.19,-0.74,15.81
KO,"EMA(9,21)",32.68,-12.47,27,-1.22,3.71,4.2,11.81,5.38,5.5
KO,"EMA(20,50)",8.34,-18.59,16,-5.64,2.82,-8.66,10.94,-0.67,10.95
KO,"EMA(50,200)",11.82,-22.02,7,0.48,-2.92,-6.89,6.58,-0.25,15.81
KO,"EMA(9,50)",16.53,-16.66,21,-0.86,-2.94,-3.8,14.69,5.34,4.2
KO,"EMA(21,200)",8.47,-20.65,10,-3.55,3.11,-11.3,8.63,-2.25,15.81
MCD,Buy & Hold,32.78,-19.04,0,16.2,0.51,15.06,0.14,7.89,-8.54
MCD,"SMA(9,21)",27.7,-16.04,32,-1.08,-2.67,23.74,-4.27,7.13,4.51
MCD,"SMA(20,50)",16.28,-13.75,15,16.1,-7.71,12.48,4.6,-3.79,-4.13
MCD,"SMA(50,200)",-12.07,-27.37,7,0.0,5.64,-3.6,-8.38,4.21,-9.57
MCD,"SMA(9,50)",8.65,-18.41,21,9.54,-11.72,9.98,5.31,-1.71,-1.31
MCD,"SMA(21,200)",-15.83,-22.73,7,0.0,-16.51,5.14,-7.14,4.59,-1.27
MCD,"EMA(9,21)",1.18,-15.8,32,-0.94,-1.97,7.53,-1.15,-3.38,1.45
MCD,"EMA(20,50)",-3.33,-20.92,17,11.56,-14.82,9.78,-1.93,-7.05,1.64
MCD,"EMA(50,200)",-1.75,-21.38,7,11.21,-9.16,0.57,-4.48,7.89,-6.17
MCD,"EMA(9,50)",10.33,-16.35,23,8.44,-8.39,10.5,3.03,1.94,-4.3
MCD,"EMA(21,200)",-19.85,-34.01,10,11.56,-30.89,7.54,-7.43,4.9,-0.46
MMM,Buy & Hold,7.53,-54.07,0,-11.2,-29.63,-3.33,46.12,26.36,-3.6
MMM,"SMA(9,21)",28.19,-29.38,34,-7.68,5.48,-1.93,55.34,3.18,-16.25
MMM,"SMA(20,50)",-15.57,-41.32,18,-7.81,-27.98,7.52,25.43,5.97,-11.01
MMM,"SMA(50,200)",68.29,-18.77,2,0.0,0.0,0.0,46.14,26.36,-8.87
MMM,"SMA(9,50)",-38.77,-48.47,22,-8.68,-26.08,-9.71,22.66,-2.9,-15.64
MMM,"SMA(21,200)",46.47,-19.86,2,0.0,0.0,5.97,23.47,26.36,-11.41
MMM,"EMA(9,21)",-8.2,-36.05,33,-8.82,-16.13,2.63,34.83,5.31,-17.62
MMM,"EMA(20,50)",-15.61,-40.12,13,-0.95,-22.12,-6.73,25.6,6.8,-12.56
MMM,"EMA(50,200)",46.87,-18.77,3,-1.32,0.0,0.0,29.25,26.36,-8.87
MMM,"EMA(9,50)",-30.55,-36.45,23,-6.11,-16.21,-2.74,20.71,-14.98,-11.57
MMM,"EMA(21,200)",45.95,-18.71,3,-0.95,0.0,2.13,27.52,26.36,-10.46
MRK,Buy & Hold,95.61,-43.44,0,9.75,49.42,1.01,-6.26,9.79,14.74
MRK,"SMA(9,21)",21.23,-33.4,35,0.05,46.66,-9.96,-1.18,-11.09,4.44
MRK,"SMA(20,50)",24.16,-26.95,13,-6.38,16.44,-8.68,15.72,2.16,5.5
MRK,"SMA(50,200)",101.73,-16.4,3,0.0,44.34,0.35,0.18,21.16,14.74
MRK,"SMA(9,50)",9.18,-28.35,19,-12.72,19.43,-9.17,4.06,5.21,5.33
MRK,"SMA(21,200)",99.84,-16.4,3,0.0,44.34,-3.4,-1.03,26.22,14.74
MRK,"EMA(9,21)",42.19,-29.74,32,1.73,35.72,-8.14,1.29,3.18,7.27
MRK,"EMA(20,50)",38.11,-24.28,12,-9.01,22.58,-8.58,16.48,10.27,5.46
MRK,"EMA(50,200)",115.6,-20.17,3,8.75,49.42,-4.02,9.43,10.09,14.74
MRK,"EMA(9,50)",24.8,-22.92,18,-6.41,19.71,-15.56,17.42,4.57,7.44
MRK,"EMA(21,200)",111.37,-20.17,4,8.75,49.42,-2.75,4.46,11.6,14.74
MSFT,Buy & Hold,79.84,-37.15,0,36.45,-28.02,58.19,12.93,15.58,-11.32
MSFT,"SMA(9,21)",26.18,-38.96,34,21.02,-35.35,41.96,2.31,15.49,-3.86
MSFT,"SMA(20,50)",-5.17,-43.5,14,6.89,-34.54,28.43,-3.92,9.04,0.73
MSFT,"SMA(50,200)",38.13,-23.54,4,0.0,2.52,39.01,6.51,-2.45,-6.72
MSFT,"SMA(9,50)",37.41,-24.25,16,8.12,-18.84,45.28,-3.09,8.66,2.35
MSFT,"SMA(21,200)",43.81,-19.91,4,0.0,0.0,40.51,3.32,4.29,-5.01
MSFT,"EMA(9,21)",65.12,-35.67,25,20.45,-28.31,47.16,4.05,20.02,4.06
MSFT,"EMA(20,50)",31.89,-30.62,14,34.61,-28.95,41.94,-8.61,5.54,0.73
MSFT,"EMA(50,200)",50.64,-20.54,3,34.61,-18.35,38.22,12.93,-1.3,-11.03
MSFT,"EMA(9,50)",50.25,-26.7,16,28.7,-22.85,42.29,-3.07,7.18,2.35
MSFT,"EMA(21,200)",50.54,-34.27,6,34.61,-26.07,29.32,12.93,9.05,-5.01
NKE,Buy & Hold,-62.09,-74.64,0,24.34,-29.04,-6.01,-29.11,-13.83,-25.15
NKE,"SMA(9,21)",-39.09,-55.37,28,15.63,-3.76,5.64,-26.82,-15.88,-15.83
NKE,"SMA(20,50)",-45.72,-54.23,17,-8.71,4.77,-10.58,-27.14,-8.77,-4.51
NKE,"SMA(50,200)",-32.99,-35.29,3,0.0,0.0,-15.36,-5.83,-15.93,0.0
NKE,"SMA(9,50)",-48.37,-50.14,16,-10.52,4.19,-1.69,-26.28,-12.92,-12.27
NKE,"SMA(21,200)",-30.24,-36.67,3,0.0,-0.47,-14.46,-7.03,-11.87,0.0
NKE,"EMA(9,21)",-39.87,-51.35,26,12.96,-7.44,-6.29,-25.87,-11.18,-6.8
NKE,"EMA(20,50)",-38.59,-49.86,11,5.29,-0.17,3.17,-35.33,-12.43,0.0
NKE,"EMA(50,200)",-40.19,-51.17,4,9.77,-12.25,-24.99,-7.14,-10.86,0.0
NKE,"EMA(9,50)",-57.13,-62.36,20,0.86,2.04,-2.83,-34.21,-26.13,-11.8
NKE,"EMA(21,200)",-25.43,-36.1,4,9.77,-14.36,-13.16,-3.23,-5.6,0.0
NVDA,Buy & Hold,1220.61,-66.34,0,80.92,-50.26,239.02,171.25,38.92,14.89
NVDA,"SMA(9,21)",244.27,-51.66,30,31.56,-35.76,111.99,106.58,1.56,-8.41
NVDA,"SMA(20,50)",305.86,-63.6,15,22.31,-56.99,137.97,148.39,21.71,7.25
NVDA,"SMA(50,200)",682.16,-28.41,3,0.0,-6.49,157.17,171.25,4.37,14.89
NVDA,"SMA(9,50)",424.29,-39.21,19,36.54,-24.88,110.74,104.46,10.85,7.01
NVDA,"SMA(21,200)",385.87,-34.1,4,0.0,-30.67,150.2,171.25,9.97,-6.09
NVDA,"EMA(9,21)",479.6,-47.67,29,45.15,-18.49,137.54,100.27,3.88,-0.87
NVDA,"EMA(20,50)",480.96,-56.86,13,75.38,-49.04,172.21,93.09,28.09,-3.45
NVDA,"EMA(50,200)",727.06,-45.97,3,75.38,-37.38,134.81,171.25,2.91,14.89
NVDA,"EMA(9,50)",451.95,-48.85,18,59.14,-30.11,146.4,86.65,12.65,-4.22
NVDA,"EMA(21,200)",991.33,-44.57,4,75.38,-34.33,156.4,171.25,18.58,14.89
PG,Buy & Hold,24.71,-23.77,0,24.65,-5.05,-0.86,17.25,-12.26,3.31
PG,"SMA(9,21)",17.91,-24.15,31,19.33,5.35,3.12,7.96,-17.07,1.6
PG,"SMA(20,50)",-12.43,-24.15,17,10.24,-7.47,-6.74,-0.04,-7.12,-0.86
PG,"SMA(50,200)",-11.97,-21.28,5,0.0,-4.77,-1.41,8.01,-6.28,-7.38
PG,"SMA(9,50)",-3.65,-21.16,18,11.58,3.38,-7.88,0.87,-11.66,1.75
PG,"SMA(21,200)",-19.55,-27.6,7,0.0,0.15,-9.72,9.35,-9.35,-10.23
PG,"EMA(9,21)",13.27,-20.97,28,17.37,5.76,-1.05,1.67,-13.46,4.81
PG,"EMA(20,50)",-15.4,-32.43,14,24.1,-13.72,-12.94,9.89,-15.09,-2.74
PG,"EMA(50,200)",-8.62,-27.48,5,24.1,-18.59,-4.95,17.25,-6.8,-12.92
PG,"EMA(9,50)",-3.63,-20.93,21,16.87,-7.04,-6.84,6.28,-11.94,1.75
PG,"EMA(21,200)",-6.8,-25.65,9,24.1,-7.52,-11.89,14.59,-11.15,-9.49
SHW,Buy & Hold,12.84,-42.46,0,24.94,-31.96,32.73,9.9,-3.83,-5.38
SHW,"SMA(9,21)",19.96,-34.73,28,29.6,-26.69,43.12,3.34,-20.95,7.99
SHW,"SMA(20,50)",-17.93,-36.76,14,4.82,-23.84,34.94,1.62,-13.81,-13.02
SHW,"SMA(50,200)",7.37,-32.15,4,0.0,0.0,17.47,9.9,-4.46,-12.95
SHW,"SMA(9,50)",-29.32,-41.14,19,14.54,-28.59,21.66,5.22,-23.29,-12.01
SHW,"SMA(21,200)",-3.18,-33.33,8,0.0,-6.36,20.01,9.9,-12.39,-10.52
SHW,"EMA(9,21)",1.92,-34.04,31,27.42,-21.55,12.34,15.82,-19.39,-2.79
SHW,"EMA(20,50)",-9.96,-34.77,11,17.36,-29.35,22.69,5.42,-9.31,-7.43
SHW,"EMA(50,200)",-3.15,-34.66,5,19.3,-24.12,26.7,9.9,-11.67,-13.02
SHW,"EMA(9,50)",-25.93,-45.92,21,23.83,-37.87,18.17,10.87,-14.64,-13.92
SHW,"EMA(21,200)",-3.95,-33.08,8,22.11,-19.95,13.64,9.9,-14.26,-8.23
TRV,Buy & Hold,101.88,-18.9,0,-1.11,22.42,3.93,28.76,22.38,1.83
TRV,"SMA(9,21)",6.42,-24.44,32,-2.73,12.76,2.57,5.84,-10.52,-0.13
TRV,"SMA(20,50)",31.39,-16.72,15,-11.25,7.39,9.4,24.31,12.34,-9.77
TRV,"SMA(50,200)",43.67,-24.67,4,0.0,-10.65,0.21,28.76,22.38,1.83
TRV,"SMA(9,50)",11.51,-23.55,22,-5.82,8.9,1.08,24.94,-0.07,-13.85
TRV,"SMA(21,200)",37.59,-26.61,5,0.0,-11.08,-3.57,28.76,22.38,1.83
TRV,"EMA(9,21)",9.25,-25.44,29,-9.35,20.89,-11.79,30.76,-10.37,-3.58
TRV,"EMA(20,50)",24.78,-19.4,15,-6.98,7.23,3.47,18.4,9.09,-6.4
TRV,"EMA(50,200)",43.66,-24.72,5,-8.95,1.71,-3.32,28.76,22.38,1.83
TRV,"EMA(9,50)",-1.5,-22.92,24,-15.26,14.98,-1.91,22.69,-8.15,-8.54
TRV,"EMA(21,200)",30.67,-28.7,7,-13.53,0.49,-6.28,28.76,22.38,1.83
UNH,Buy & Hold,2.47,-61.39,0,24.75,6.94,0.8,-2.41,-33.14,16.78
UNH,"SMA(9,21)",-35.58,-52.21,30,5.45,-15.76,-6.73,-11.84,-12.69,1.0
UNH,"SMA(20,50)",-42.49,-59.89,16,9.93,-7.59,-13.23,-12.55,-26.52,1.55
UNH,"SMA(50,200)",-23.71,-35.07,5,0.0,7.53,-1.32,-16.13,7.24,-20.06
UNH,"SMA(9,50)",-31.27,-56.07,22,20.59,-14.14,-8.31,-16.23,-18.87,6.52
UNH,"SMA(21,200)",-31.93,-43.77,7,0.0,7.53,-7.87,-17.49,0.0,-16.71
UNH,"EMA(9,21)",-32.34,-51.79,32,8.67,-10.73,-9.89,-12.81,-16.61,6.45
UNH,"EMA(20,50)",-30.21,-56.68,16,16.61,-6.49,-18.04,-6.88,-19.91,4.71
UNH,"EMA(50,200)",-7.77,-32.84,6,21.2,6.94,-11.89,-17.08,0.94,-3.5
UNH,"EMA(9,50)",-27.22,-51.1,28,17.05,-12.71,-13.76,-3.91,-17.93,4.74
UNH,"EMA(21,200)",-40.72,-54.39,10,10.76,6.94,-13.18,-22.26,-28.13,3.18
V,Buy & Hold,48.85,-28.6,0,-4.08,-3.4,26.31,22.32,11.76,-6.96
V,"SMA(9,21)",-11.04,-28.3,31,-3.45,-7.47,6.77,14.48,-13.49,-5.83
V,"SMA(20,50)",-8.36,-31.09,17,-11.33,-16.75,4.91,17.89,7.47,-6.6
V,"SMA(50,200)",61.03,-15.01,2,0.0,0.94,26.31,14.48,10.33,0.0
V,"SMA(9,50)",-27.27,-39.66,22,-10.84,-27.49,7.35,19.94,-10.48,-2.4
V,"SMA(21,200)",25.64,-18.16,5,0.0,-7.78,26.31,10.9,5.5,-7.81
V,"EMA(9,21)",-16.24,-31.79,30,-3.43,-10.92,8.41,12.86,-18.6,-2.23
V,"EMA(20,50)",-18.51,-38.23,17,0.88,-28.33,15.68,15.34,-8.4,-7.78
V,"EMA(50,200)",47.78,-18.77,3,-1.65,-2.61,26.31,22.32,4.9,-4.81
V,"EMA(9,50)",-23.67,-39.82,23,-6.31,-24.81,15.08,19.15,-13.42,-8.73
V,"EMA(21,200)",21.11,-24.12,6,-1.93,-14.24,26.31,17.62,4.22,-6.99
WMT,Buy & Hold,168.39,-25.74,0,2.93,-0.46,12.88,73.99,24.49,7.15
WMT,"SMA(9,21)",111.28,-18.54,28,9.18,13.74,-4.44,65.37,8.09,-0.4
WMT,"SMA(20,50)",4.77,-35.69,16,-11.41,-21.54,-2.39,58.13,-3.6,1.3
WMT,"SMA(50,200)",92.72,-30.11,2,0.0,-26.44,12.88,73.99,24.49,7.15
WMT,"SMA(9,50)",21.54,-26.36,19,-7.61,-10.32,-5.88,59.08,-2.2,0.17
WMT,"SMA(21,200)",119.33,-25.25,3,0.0,-14.24,11.36,72.18,24.49,7.15
WMT,"EMA(9,21)",91.42,-15.21,27,-1.98,14.37,0.46,53.84,7.93,2.37
WMT,"EMA(20,50)",64.3,-29.99,10,-5.69,-14.87,1.65,70.26,10.37,7.15
WMT,"EMA(50,200)",107.35,-29.22,4,-0.97,-20.07,12.88,73.99,24.49,7.15
WMT,"EMA(9,50)",44.8,-32.16,21,-2.93,-18.37,-5.43,72.19,5.04,6.85
WMT,"EMA(21,200)",86.11,-35.78,5,-10.64,-20.5,12.88,73.99,24.49,7.15
